/*
Navicat MySQL Data Transfer

Source Server         : zzbxxbspt
Source Server Version : 50714
Source Host           : localhost:3306
Source Database       : zzbxxbspt

Target Server Type    : MYSQL
Target Server Version : 50714
File Encoding         : 65001

Date: 2019-11-15 17:30:52
*/

SET FOREIGN_KEY_CHECKS=0;

-- ----------------------------
-- Table structure for answer
-- ----------------------------
DROP TABLE IF EXISTS `answer`;
CREATE TABLE `answer` (
  `ANSWER_ID` varchar(255) NOT NULL,
  `QUESTION_ID` varchar(255) DEFAULT NULL,
  `ANSWER_CONTENT` varchar(255) DEFAULT NULL,
  `ANSWER_TYPE` int(3) DEFAULT NULL,
  `ANSWER_ORDER` int(3) DEFAULT NULL,
  PRIMARY KEY (`ANSWER_ID`)
) ENGINE=InnoDB DEFAULT CHARSET=utf8;

-- ----------------------------
-- Records of answer
-- ----------------------------

-- ----------------------------
-- Table structure for exam
-- ----------------------------
DROP TABLE IF EXISTS `exam`;
CREATE TABLE `exam` (
  `EXAM_ID` varchar(255) NOT NULL COMMENT '课题id',
  `GROUP_ID` varchar(255) DEFAULT NULL,
  `EXAM_TITLE` varchar(255) DEFAULT NULL,
  `EXAM_BEGIN` datetime DEFAULT NULL,
  `EXAM_END` datetime DEFAULT NULL,
  `EXAM_TIME` int(11) DEFAULT NULL,
  `EXAM_SCORE` int(11) DEFAULT NULL,
  `EXAM_SC` int(11) DEFAULT NULL,
  `EXAM_SC_SCORE` decimal(10,0) DEFAULT NULL,
  `EXAM_TF` int(11) DEFAULT NULL,
  `EXAM_TF_SCORE` decimal(10,0) DEFAULT NULL,
  `EXAM_MC` int(11) DEFAULT NULL,
  `EXAM_MC_SCORE` decimal(10,0) DEFAULT NULL,
  PRIMARY KEY (`EXAM_ID`)
) ENGINE=InnoDB DEFAULT CHARSET=utf8;

-- ----------------------------
-- Records of exam
-- ----------------------------

-- ----------------------------
-- Table structure for group
-- ----------------------------
DROP TABLE IF EXISTS `group`;
CREATE TABLE `group` (
  `GROUP_ID` varchar(255) NOT NULL COMMENT '考试分组id',
  `GROUP_NAME` varchar(255) DEFAULT NULL COMMENT '考试分组名',
  `GROUP_STATUS` int(3) DEFAULT NULL,
  PRIMARY KEY (`GROUP_ID`)
) ENGINE=InnoDB DEFAULT CHARSET=utf8;

-- ----------------------------
-- Records of group
-- ----------------------------
INSERT INTO `group` VALUES ('a0198d8d9c58bcbb527d59c037067b3f52283112', '测试课题', '1');

-- ----------------------------
-- Table structure for log
-- ----------------------------
DROP TABLE IF EXISTS `log`;
CREATE TABLE `log` (
  `LOG_ID` varchar(255) NOT NULL,
  `LOG_TYPE` int(3) DEFAULT NULL,
  `LOG_USER` varchar(255) DEFAULT NULL,
  `LOG_DESC` varchar(255) DEFAULT NULL,
  `LOG_TIME` datetime DEFAULT NULL,
  PRIMARY KEY (`LOG_ID`)
) ENGINE=InnoDB DEFAULT CHARSET=utf8;

-- ----------------------------
-- Records of log
-- ----------------------------
INSERT INTO `log` VALUES ('0138dc224ea45cbc4928f4a32953d06742e6750d', '2', 'a5eebbe59fcfd13248d22a3fde41f9ff14942f8a', '新增学员：测试（7697cb34e14fc19e21e94042e0bdb5acb5b401b1）', '2019-11-13 15:50:03');
INSERT INTO `log` VALUES ('02e99b24745669f0780e39468897de820edc7c5a', '2', 'ac4cd7b0e3e3745a84f742213d99578141813895', '删除学员：测试3（473707e9bf90c6c0bb1c0608fd6a2619ded61ddd）', '2019-11-11 14:26:04');
INSERT INTO `log` VALUES ('05a5cbc5f7f63f97579f1c2656812bfaefb1b441', '1', 'ac4cd7b0e3e3745a84f742213d99578141813895', '登录系统', '2019-11-11 13:26:46');
INSERT INTO `log` VALUES ('0b1d200c79a01f21e536779d36e772538e74a000', '2', 'ac4cd7b0e3e3745a84f742213d99578141813895', '删除学员：李四（4f9251e9d8be5e9fb1814ebb6c19ed270c5eb93e）', '2019-11-11 13:57:18');
INSERT INTO `log` VALUES ('0d223978c2d7b856257ded361cf1a6de6be6b823', '1', 'ac4cd7b0e3e3745a84f742213d99578141813895', '登录系统', '2019-11-11 14:19:50');
INSERT INTO `log` VALUES ('0d980bd9444ff5ff9ab1f087f8cf7e26954a5aa2', '2', 'ac4cd7b0e3e3745a84f742213d99578141813895', '新增学员：李四（6b31e3ddcc5aba072354ed1ed165237dda932618）', '2019-11-11 13:55:45');
INSERT INTO `log` VALUES ('0de558e68dfc852bce85c9987c15409969ec0223', '2', 'ac4cd7b0e3e3745a84f742213d99578141813895', '新增学员：测试3（473707e9bf90c6c0bb1c0608fd6a2619ded61ddd）', '2019-11-08 14:19:12');
INSERT INTO `log` VALUES ('0e5d36e580df361c0a07d1289b2b149e082301ad', '2', 'ac4cd7b0e3e3745a84f742213d99578141813895', '新增课题组测试课题（e979d2bf496d05d11e4cfc61126d2e08f5673748）', '2019-11-12 17:12:42');
INSERT INTO `log` VALUES ('0f191c5355057f0fbab0cfdd7293d7e3d185e67d', '2', 'ac4cd7b0e3e3745a84f742213d99578141813895', '删除学员：李四（972c972825aeb2301349ee965fa8a9af0f20086b）', '2019-11-11 13:45:56');
INSERT INTO `log` VALUES ('114439dcaeafc0e64813df535df41057db83b6fd', '2', 'ac4cd7b0e3e3745a84f742213d99578141813895', '新增学员：张三（4006585ba8155eb2a27ad02f7b823681c82aa83c）', '2019-11-11 13:57:07');
INSERT INTO `log` VALUES ('12c4d2e6a6ea0ade00255e8804b9e597d57cc514', '1', 'ac4cd7b0e3e3745a84f742213d99578141813895', '登录系统', '2019-11-07 17:30:24');
INSERT INTO `log` VALUES ('12ee2071d337b4b6365e93753120627064ec6ca6', '1', 'a5eebbe59fcfd13248d22a3fde41f9ff14942f8a', '登录系统', '2019-11-13 16:22:09');
INSERT INTO `log` VALUES ('13dc2914bdd69bdebf9b507cc08f17c177652391', '1', 'ac4cd7b0e3e3745a84f742213d99578141813895', '登录系统', '2019-11-11 14:22:01');
INSERT INTO `log` VALUES ('148f6166ca0de3a752afa59237f3ed40a1ab917a', '1', 'ac4cd7b0e3e3745a84f742213d99578141813895', '登录系统', '2019-11-08 12:31:02');
INSERT INTO `log` VALUES ('162975b3aeb0bd853968d7ca061dba6bd01cb92f', '2', 'ac4cd7b0e3e3745a84f742213d99578141813895', '新增学员：李四（5c92ee832b8fc163555f462520cd1ad998a5f349）', '2019-11-11 13:46:54');
INSERT INTO `log` VALUES ('16b5c1617a47af9d6c01c4dcaf3199f3f61192a8', '2', 'ac4cd7b0e3e3745a84f742213d99578141813895', '启用课题组测试课题（a0198d8d9c58bcbb527d59c037067b3f52283112）', '2019-11-12 17:44:22');
INSERT INTO `log` VALUES ('173ae41a29681cf8fe067a6130de046ff58287d5', '1', 'ac4cd7b0e3e3745a84f742213d99578141813895', '登录系统', '2019-11-12 15:02:17');
INSERT INTO `log` VALUES ('17c453aa1633ba65049c01bf92b7da3008d71811', '1', 'a5eebbe59fcfd13248d22a3fde41f9ff14942f8a', '登录系统', '2019-11-13 16:24:44');
INSERT INTO `log` VALUES ('17cdc66617a2249624eae5390660990efd26044a', '2', 'ac4cd7b0e3e3745a84f742213d99578141813895', '启用课题组测试课题（a0198d8d9c58bcbb527d59c037067b3f52283112）', '2019-11-12 17:46:47');
INSERT INTO `log` VALUES ('1c777c8699bde7cbeb923ef98b939d9231bdd64c', '1', 'ac4cd7b0e3e3745a84f742213d99578141813895', '登录系统', '2019-11-08 17:05:12');
INSERT INTO `log` VALUES ('1d02f2c8767fc33f2a875c1cb6cfe24e27b0c9d3', '2', 'ac4cd7b0e3e3745a84f742213d99578141813895', '修改学员：测试2（c8a078ba5222e26cd369a0f59b13a849b0dc0f7c）', '2019-11-08 14:38:06');
INSERT INTO `log` VALUES ('1d2493dce78de18a57419c3259d0928e720bdf2a', '2', 'ac4cd7b0e3e3745a84f742213d99578141813895', '删除课题组：测试课题组（1c99e2f8933014fdc978dc493b220f2ebdf03cad）', '2019-11-12 17:25:46');
INSERT INTO `log` VALUES ('233f90a4b4e8e93344e2089365c387d3c45a3c2c', '1', 'a5eebbe59fcfd13248d22a3fde41f9ff14942f8a', '登录系统', '2019-11-13 16:14:50');
INSERT INTO `log` VALUES ('2403f9ca724c23466406b2a4a682edd4e4886fc0', '1', 'a5eebbe59fcfd13248d22a3fde41f9ff14942f8a', '登录系统', '2019-11-13 15:55:36');
INSERT INTO `log` VALUES ('256aa2cfba1c276e29cf1d42c24a3826b97d86c5', '1', 'ac4cd7b0e3e3745a84f742213d99578141813895', '登录系统', '2019-11-11 14:11:53');
INSERT INTO `log` VALUES ('25cb25e37985f129c84d37f59325c991b045d87a', '2', 'ac4cd7b0e3e3745a84f742213d99578141813895', '删除学员：李四（7731f5f2ebb0557b7709236287ec29e328d4da30）', '2019-11-11 14:30:18');
INSERT INTO `log` VALUES ('30eb622d21725d1504dd037428a92646589f73b2', '2', 'ac4cd7b0e3e3745a84f742213d99578141813895', '启用课题组测试课题（a0198d8d9c58bcbb527d59c037067b3f52283112）', '2019-11-14 15:46:23');
INSERT INTO `log` VALUES ('31faa94376bdbc5e29763564974661ca021923b7', '2', 'ac4cd7b0e3e3745a84f742213d99578141813895', '修改课题组测试课题（a0198d8d9c58bcbb527d59c037067b3f52283112）', '2019-11-12 17:45:55');
INSERT INTO `log` VALUES ('34f7c2b3982bd1e63d3f3f22dfdd4cc3071acb9b', '1', 'a5eebbe59fcfd13248d22a3fde41f9ff14942f8a', '登录系统', '2019-11-13 16:11:48');
INSERT INTO `log` VALUES ('376d87a28ebd3bd6fc17053214caf5929267cc17', '2', 'ac4cd7b0e3e3745a84f742213d99578141813895', '删除学员：测试2（c8a078ba5222e26cd369a0f59b13a849b0dc0f7c）', '2019-11-08 14:38:13');
INSERT INTO `log` VALUES ('3d9a6b6f7188baa06f72d5e27231acd994b4a876', '2', 'ac4cd7b0e3e3745a84f742213d99578141813895', '删除学员：李四（7234939032bd526229e264f49b1b1439a02220f5）', '2019-11-11 13:57:16');
INSERT INTO `log` VALUES ('3ec430ddb4c32d70ede28a2f8f83dad2cd224b68', '2', 'ac4cd7b0e3e3745a84f742213d99578141813895', '新增学员：测试4（b4e27db57852d9442329e9fa758abf8c8632983f）', '2019-11-08 14:19:48');
INSERT INTO `log` VALUES ('3f55ee93dfb25cd8f223639d3dbc17c9232cbb38', '2', 'ac4cd7b0e3e3745a84f742213d99578141813895', '删除学员：考试管理员（e6d468dfacf8b29d29396752bcd6fd8ceff71865）', '2019-11-12 17:25:46');
INSERT INTO `log` VALUES ('4001f6e6c065f767e708aa0b02963549261f99a3', '1', 'ac4cd7b0e3e3745a84f742213d99578141813895', '登录系统', '2019-11-12 14:28:52');
INSERT INTO `log` VALUES ('40c7385fb00054661888f9d0f534f526906f8f2f', '1', 'ac4cd7b0e3e3745a84f742213d99578141813895', '登录系统', '2019-11-11 14:25:43');
INSERT INTO `log` VALUES ('4206deea4a614c6bc427b43cad9846246c168bf6', '2', 'ac4cd7b0e3e3745a84f742213d99578141813895', '删除课题组：（）', '2019-11-12 17:23:16');
INSERT INTO `log` VALUES ('43f1ff5f25c1f5b86394d3a572ab0dca88de2f0b', '1', 'ac4cd7b0e3e3745a84f742213d99578141813895', '登录系统', '2019-11-07 16:09:10');
INSERT INTO `log` VALUES ('46c7e9c9461b597d3d7cd14e3fd4373521d9e115', '1', 'a5eebbe59fcfd13248d22a3fde41f9ff14942f8a', '登录系统', '2019-11-14 14:18:40');
INSERT INTO `log` VALUES ('470e768b0dec4b72ab5bb6706c71b0bbac470212', '1', 'ac4cd7b0e3e3745a84f742213d99578141813895', '登录系统', '2019-11-12 17:11:27');
INSERT INTO `log` VALUES ('4b7bb7bdc8515ce541374d4edccf29457ad1b83b', '2', 'ac4cd7b0e3e3745a84f742213d99578141813895', '新增课题组测试课题组（80946a2037592d79903de69a41143c2c46821416）', '2019-11-12 17:11:58');
INSERT INTO `log` VALUES ('4bbce74ad865405286efc60054851da7c7878c08', '2', 'ac4cd7b0e3e3745a84f742213d99578141813895', '删除学员：李四（852a41b26af1b69b88229658723cbee5f483e5fe）', '2019-11-11 14:31:17');
INSERT INTO `log` VALUES ('4d448136a7012872463a470925f55951e3db8e7a', '2', 'ac4cd7b0e3e3745a84f742213d99578141813895', '删除学员：李四（5c92ee832b8fc163555f462520cd1ad998a5f349）', '2019-11-11 13:47:01');
INSERT INTO `log` VALUES ('4f0f3b86910afb5335e85db1626ad13b4b0282ac', '2', 'ac4cd7b0e3e3745a84f742213d99578141813895', '新增考试管理员：考试管理员（c9757dbbf31501755f3a0981a2dc0ae0eb941ae0）', '2019-11-12 17:11:58');
INSERT INTO `log` VALUES ('4fb6cc4b511ce3e6facba98fbf5e65b9928e907e', '1', 'a5eebbe59fcfd13248d22a3fde41f9ff14942f8a', '登录系统', '2019-11-13 15:48:53');
INSERT INTO `log` VALUES ('5140045f7b27ca4762d1e67d89b7d1e438609acf', '1', 'a5eebbe59fcfd13248d22a3fde41f9ff14942f8a', '登录系统', '2019-11-14 15:45:49');
INSERT INTO `log` VALUES ('51731714f07b60c9af9c7d3750104f5f676503fa', '2', 'a5eebbe59fcfd13248d22a3fde41f9ff14942f8a', '新增学员：李四（88f9228c820cbee98b9004b5dc783981adec2d18）', '2019-11-13 15:50:31');
INSERT INTO `log` VALUES ('521b54f3197a55d8919af83a1b2d2b588a8d9940', '2', 'ac4cd7b0e3e3745a84f742213d99578141813895', '新增学员：张三（5c9dbedecc6f20eeb88be98820d921c3707c79da）', '2019-11-11 14:26:57');
INSERT INTO `log` VALUES ('5387ec19b772f747800d1666af92d6980d1ec7cf', '2', 'ac4cd7b0e3e3745a84f742213d99578141813895', '新增课题组测试课题组（1c99e2f8933014fdc978dc493b220f2ebdf03cad）', '2019-11-12 17:24:05');
INSERT INTO `log` VALUES ('57c0a5a200d19333c72f3926762253f02229d9e9', '2', 'ac4cd7b0e3e3745a84f742213d99578141813895', '删除学员：测试（685ff2cc2803e3402f1ca85610e3184316e424fc）', '2019-11-11 14:04:57');
INSERT INTO `log` VALUES ('5a547805d76b0d244ff654693254518878ebd632', '2', 'ac4cd7b0e3e3745a84f742213d99578141813895', '删除学员：张三（4006585ba8155eb2a27ad02f7b823681c82aa83c）', '2019-11-11 13:57:15');
INSERT INTO `log` VALUES ('5d0f967c12a0d0175aa0340bd9007865f5049bb6', '2', 'ac4cd7b0e3e3745a84f742213d99578141813895', '新增学员：张三（bacdcd74d9ab56896a198018892a62cd3c880b3e）', '2019-11-11 13:55:45');
INSERT INTO `log` VALUES ('5d90009f2a0922cdebbfc5018e03d15847d020e5', '2', 'ac4cd7b0e3e3745a84f742213d99578141813895', '新增学员：李四（7731f5f2ebb0557b7709236287ec29e328d4da30）', '2019-11-11 14:26:57');
INSERT INTO `log` VALUES ('5f7753dd56baeb9803af030d0d25e75709ed72a1', '2', 'ac4cd7b0e3e3745a84f742213d99578141813895', '新增学员：张三（c51021878fdcf97576b37d20024da61d6b20a37e）', '2019-11-11 13:48:55');
INSERT INTO `log` VALUES ('60c653c8f1e735d962e957f41e6a327283b646e0', '1', 'ac4cd7b0e3e3745a84f742213d99578141813895', '登录系统', '2019-11-07 17:40:42');
INSERT INTO `log` VALUES ('60fa9ecaec0f7b8855e7a81b2f3405e5516e23e2', '2', 'ac4cd7b0e3e3745a84f742213d99578141813895', '停用课题组测试课题（a0198d8d9c58bcbb527d59c037067b3f52283112）', '2019-11-12 17:46:45');
INSERT INTO `log` VALUES ('638bcf659a823d46e3aa09c59f148b8bc686c4e3', '1', 'ac4cd7b0e3e3745a84f742213d99578141813895', '登录系统', '2019-11-14 15:45:42');
INSERT INTO `log` VALUES ('63c2328eaec8304ac1699c6147d7a1eb420c0064', '2', 'ac4cd7b0e3e3745a84f742213d99578141813895', '删除学员：李四（ad0cbf8abceafbc42fae21816eaf51dd1f0c3eec）', '2019-11-11 14:30:45');
INSERT INTO `log` VALUES ('684272b4cbf535e40f188483696f32c7dcc3aa6a', '1', 'ac4cd7b0e3e3745a84f742213d99578141813895', '登录系统', '2019-11-14 15:45:57');
INSERT INTO `log` VALUES ('68854bc3f50250a9ab65855a250119b9bcf7a1f2', '1', 'a5eebbe59fcfd13248d22a3fde41f9ff14942f8a', '登录系统', '2019-11-13 16:40:35');
INSERT INTO `log` VALUES ('6e9d666bf04b6ceb6819ebb0895f798acda5b88b', '2', 'ac4cd7b0e3e3745a84f742213d99578141813895', '新增学员：张三（9f49e26d80d106802abfcbdb98b24c320199500e）', '2019-11-11 13:46:54');
INSERT INTO `log` VALUES ('6f4fe26c4c57dc0c1f2a328cdaf8289045f1e0a8', '1', 'a5eebbe59fcfd13248d22a3fde41f9ff14942f8a', '登录系统', '2019-11-14 14:27:15');
INSERT INTO `log` VALUES ('6f886f5db1a76d02ef2afb582ec42347849e51e2', '2', 'a5eebbe59fcfd13248d22a3fde41f9ff14942f8a', '删除用户（7697cb34e14fc19e21e94042e0bdb5acb5b401b1）试卷0份、答案0行', '2019-11-13 15:50:20');
INSERT INTO `log` VALUES ('7490069e829a173e5c4272f2ddfc5bd15c4a6a37', '2', 'ac4cd7b0e3e3745a84f742213d99578141813895', '新增学员：张三（79fbb63f9f4fe61139ec0f7c1a7c65f3461c5a5b）', '2019-11-11 13:45:45');
INSERT INTO `log` VALUES ('7858dc9f9f86ca1ad5ecd01b457d84dde7c925e9', '2', 'ac4cd7b0e3e3745a84f742213d99578141813895', '新增考试管理员：考试管理员（a0d4daa7b70f1af620a26ff7a9dac4b6d7ad7199）', '2019-11-12 17:12:42');
INSERT INTO `log` VALUES ('7ae16299d4e59a20ef02ab5085c5e2d472b2bf34', '2', 'ac4cd7b0e3e3745a84f742213d99578141813895', '删除学员：张三（9f49e26d80d106802abfcbdb98b24c320199500e）', '2019-11-11 13:47:03');
INSERT INTO `log` VALUES ('7af8e66c8bb6cbd0bb5ec5ca67b6de7605e7b228', '2', 'ac4cd7b0e3e3745a84f742213d99578141813895', '新增课题组测试课题组（a0198d8d9c58bcbb527d59c037067b3f52283112）', '2019-11-12 17:26:00');
INSERT INTO `log` VALUES ('7b9b3d2a89fc56f032759a4ed6ef614fd4929eac', '2', 'ac4cd7b0e3e3745a84f742213d99578141813895', '删除学员：张三（c51021878fdcf97576b37d20024da61d6b20a37e）', '2019-11-11 13:56:10');
INSERT INTO `log` VALUES ('7c024fe75b9b54b95f1c61f70c034fc4d0ea6d30', '2', 'ac4cd7b0e3e3745a84f742213d99578141813895', '新增学员：李四（ae6bf29b84fd2c17b8253ddb175f920455a23c37）', '2019-11-11 14:25:55');
INSERT INTO `log` VALUES ('7f3c6a9b8ef5e8f94ecb420b52b85e345e0846e6', '1', 'ac4cd7b0e3e3745a84f742213d99578141813895', '登录系统', '2019-11-11 13:41:54');
INSERT INTO `log` VALUES ('82efd3dc2eccb1cd1df0e1b009c1de803be23e7d', '2', 'ac4cd7b0e3e3745a84f742213d99578141813895', '新增学员：李四（7234939032bd526229e264f49b1b1439a02220f5）', '2019-11-11 13:57:07');
INSERT INTO `log` VALUES ('830548d45f9650cdfe15177efcc55055802a7eb2', '2', 'ac4cd7b0e3e3745a84f742213d99578141813895', '新增学员：测试2（c8a078ba5222e26cd369a0f59b13a849b0dc0f7c）', '2019-11-08 14:18:43');
INSERT INTO `log` VALUES ('8593ab2a93568ef3b918cf560ae25a444264a708', '1', 'ac4cd7b0e3e3745a84f742213d99578141813895', '登录系统', '2019-11-07 15:55:41');
INSERT INTO `log` VALUES ('85995fa52af48cb4993b88a93ef78e18d5c23790', '1', 'ac4cd7b0e3e3745a84f742213d99578141813895', '登录系统', '2019-11-07 17:27:37');
INSERT INTO `log` VALUES ('87a72e769bd67387c7aedf2089bd77c43ea7aa92', '2', 'ac4cd7b0e3e3745a84f742213d99578141813895', '删除学员：测试4（b4e27db57852d9442329e9fa758abf8c8632983f）', '2019-11-08 14:38:16');
INSERT INTO `log` VALUES ('892f345884cf19af6ed7cea596a1656a687be42e', '1', 'ac4cd7b0e3e3745a84f742213d99578141813895', '登录系统', '2019-11-14 17:35:39');
INSERT INTO `log` VALUES ('8a7cbd3b6605a23e33da5b538ae4f5ed68ef24f1', '2', 'ac4cd7b0e3e3745a84f742213d99578141813895', '删除学员：李四（6d3ef9465f87decce904c1762e0993b4b7c1f95c）', '2019-11-11 13:56:21');
INSERT INTO `log` VALUES ('8cdbf35cf6b16339cd66ab39ccef8535a0104c7e', '2', 'ac4cd7b0e3e3745a84f742213d99578141813895', '新增学员：张三（824ec5f37603acf4b3efeffda323d9629779e702）', '2019-11-11 13:56:47');
INSERT INTO `log` VALUES ('8d607ede7af0d18af4501d4ef0b092ec60365617', '1', 'ac4cd7b0e3e3745a84f742213d99578141813895', '登录系统', '2019-11-08 15:06:12');
INSERT INTO `log` VALUES ('90627992501a988e76f3f2fe896d91c5f93db911', '1', 'a5eebbe59fcfd13248d22a3fde41f9ff14942f8a', '登录系统', '2019-11-13 16:13:42');
INSERT INTO `log` VALUES ('90d6baf49185a7c13d519da38ebf50b8bf38d6b6', '1', 'a5eebbe59fcfd13248d22a3fde41f9ff14942f8a', '登录系统', '2019-11-14 15:25:27');
INSERT INTO `log` VALUES ('9137f2ac8665af0d0d01f3221e9b0fe4a59cf0b4', '1', 'ac4cd7b0e3e3745a84f742213d99578141813895', '登录系统', '2019-11-08 11:46:22');
INSERT INTO `log` VALUES ('9254d89381c592c09bd3b0f27f6e9fe74b4ed093', '2', 'ac4cd7b0e3e3745a84f742213d99578141813895', '删除学员：张三（0d32ecf606386c8adc1e6863a27e359dc0da8362）', '2019-11-11 14:31:19');
INSERT INTO `log` VALUES ('92c77c28cddb7a60b6e84d4530c49a2ca588212c', '2', 'ac4cd7b0e3e3745a84f742213d99578141813895', '启用课题组测试课题（a0198d8d9c58bcbb527d59c037067b3f52283112）', '2019-11-14 14:27:03');
INSERT INTO `log` VALUES ('94f20042d7a324460d2826399a5b0f1c4a807172', '1', 'a5eebbe59fcfd13248d22a3fde41f9ff14942f8a', '登录系统', '2019-11-14 15:40:26');
INSERT INTO `log` VALUES ('9bdeda2920b3c5a2dbeab52a78c8df0f81fbf98d', '2', 'ac4cd7b0e3e3745a84f742213d99578141813895', '修改课题组测试课题（a0198d8d9c58bcbb527d59c037067b3f52283112）', '2019-11-12 17:26:16');
INSERT INTO `log` VALUES ('9ff8543de577cb08c642fc65d15b9e853c3d6e39', '2', 'ac4cd7b0e3e3745a84f742213d99578141813895', '删除学员：李四（ae6bf29b84fd2c17b8253ddb175f920455a23c37）', '2019-11-11 14:26:02');
INSERT INTO `log` VALUES ('a041a313ac4e0940ed1d46f919a0ed21dd1b58ce', '1', 'ac4cd7b0e3e3745a84f742213d99578141813895', '登录系统', '2019-11-06 17:14:59');
INSERT INTO `log` VALUES ('a13a57828e36127484bf2fcd32ce0a3f3bfda886', '2', 'ac4cd7b0e3e3745a84f742213d99578141813895', '删除课题组：（）', '2019-11-12 17:22:39');
INSERT INTO `log` VALUES ('a37431d4f4487d546f2854ee302c35d77f3c9b3d', '1', 'ac4cd7b0e3e3745a84f742213d99578141813895', '登录系统', '2019-11-07 16:04:35');
INSERT INTO `log` VALUES ('a98acbb39e21ff1933d4002251c2a8cda60a6d97', '1', 'a0d4daa7b70f1af620a26ff7a9dac4b6d7ad7199', '登录系统', '2019-11-12 17:14:09');
INSERT INTO `log` VALUES ('adab48f3eb5404c6705701a0989b0331fc5cb6fa', '1', 'ac4cd7b0e3e3745a84f742213d99578141813895', '登录系统', '2019-11-07 15:11:45');
INSERT INTO `log` VALUES ('b161f2310e57e1147466d06240e35eedca8e2902', '1', 'ac4cd7b0e3e3745a84f742213d99578141813895', '登录系统', '2019-11-06 18:06:23');
INSERT INTO `log` VALUES ('b6e81d1d6b83873477df5dd07fdaa802e1b58813', '1', 'ac4cd7b0e3e3745a84f742213d99578141813895', '登录系统', '2019-11-08 14:09:37');
INSERT INTO `log` VALUES ('b7110f2d1d0c24d9ef8b59b2e0834e9ebc0a73c3', '1', 'a5eebbe59fcfd13248d22a3fde41f9ff14942f8a', '登录系统', '2019-11-13 16:28:48');
INSERT INTO `log` VALUES ('baf97a4d4c3caa82f9efe08786f12f12af29cb23', '1', 'a5eebbe59fcfd13248d22a3fde41f9ff14942f8a', '登录系统', '2019-11-13 15:50:42');
INSERT INTO `log` VALUES ('bd75968b0fc1060b015357a26d0dacc617ae2d95', '2', 'ac4cd7b0e3e3745a84f742213d99578141813895', '删除课题组（1c99e2f8933014fdc978dc493b220f2ebdf03cad）题目0个、答案0个', '2019-11-12 17:25:46');
INSERT INTO `log` VALUES ('bed57819ad1f4b0b7595481888e9b9fcaa05ec69', '1', 'ac4cd7b0e3e3745a84f742213d99578141813895', '登录系统', '2019-11-07 15:51:41');
INSERT INTO `log` VALUES ('c080a6c48d60d123b984a2cf852778575dfb6463', '1', 'a5eebbe59fcfd13248d22a3fde41f9ff14942f8a', '登录系统', '2019-11-13 16:06:47');
INSERT INTO `log` VALUES ('c0c2dbf88affdcdd8f0274fb1fab249c77b086f5', '1', 'ac4cd7b0e3e3745a84f742213d99578141813895', '登录系统', '2019-11-07 14:57:10');
INSERT INTO `log` VALUES ('c451ad0639f78e8252fed341eec73a179a57a2c7', '2', 'ac4cd7b0e3e3745a84f742213d99578141813895', '新增学员：张三（0d32ecf606386c8adc1e6863a27e359dc0da8362）', '2019-11-11 14:31:12');
INSERT INTO `log` VALUES ('c83773133dea9b68c390e6caf43d0aeba8c40258', '2', 'ac4cd7b0e3e3745a84f742213d99578141813895', '新增学员：李四（6d3ef9465f87decce904c1762e0993b4b7c1f95c）', '2019-11-11 13:56:05');
INSERT INTO `log` VALUES ('c8480bdf39fc4aa406a37ff1fd6415f0674ad0d1', '2', 'ac4cd7b0e3e3745a84f742213d99578141813895', '新增学员：张三（61e856a967db5bf2af48b3b1fbf728c80149edc9）', '2019-11-11 13:56:05');
INSERT INTO `log` VALUES ('cb0f7812c2342ae8b8a605da555539da835fb0a0', '2', 'ac4cd7b0e3e3745a84f742213d99578141813895', '删除学员：李四（6b31e3ddcc5aba072354ed1ed165237dda932618）', '2019-11-11 13:56:20');
INSERT INTO `log` VALUES ('ccae983b252e7cae775aaa6fea414587a89ad78d', '2', 'ac4cd7b0e3e3745a84f742213d99578141813895', '停用课题组测试课题（a0198d8d9c58bcbb527d59c037067b3f52283112）', '2019-11-14 15:46:18');
INSERT INTO `log` VALUES ('cdbf01f206b3ed0605c8c8b80872b92e0288e399', '2', 'ac4cd7b0e3e3745a84f742213d99578141813895', '停用课题组测试课题（a0198d8d9c58bcbb527d59c037067b3f52283112）', '2019-11-12 17:46:48');
INSERT INTO `log` VALUES ('d18f6df67e9d3a114007426f289efe81ec2f29cb', '1', 'a5eebbe59fcfd13248d22a3fde41f9ff14942f8a', '登录系统', '2019-11-14 14:18:56');
INSERT INTO `log` VALUES ('d285df0f2d3ce0a24f4590197e96030305732783', '2', 'ac4cd7b0e3e3745a84f742213d99578141813895', '新增学员：李四（972c972825aeb2301349ee965fa8a9af0f20086b）', '2019-11-11 13:45:45');
INSERT INTO `log` VALUES ('d3fa07c51815076fae4115d0e13330a637405f0b', '1', 'ac4cd7b0e3e3745a84f742213d99578141813895', '登录系统', '2019-11-14 14:26:59');
INSERT INTO `log` VALUES ('d4e167f87b972e4577a150b967e6cfbe464dbf4a', '2', 'a5eebbe59fcfd13248d22a3fde41f9ff14942f8a', '新增学员：张三（baa1f7d15cf4abd70a9cde03c5aec8c07e0c84e6）', '2019-11-13 15:50:15');
INSERT INTO `log` VALUES ('d541e30b1f5da5553c17b57bd275b28f1c39d855', '2', 'ac4cd7b0e3e3745a84f742213d99578141813895', '删除学员：测试2（6b4d797c03a66e737d28a912fab46241b96bb521）', '2019-11-06 17:15:06');
INSERT INTO `log` VALUES ('d871698ad7f16713d3c37e33d8d186fa0a49d20c', '2', 'ac4cd7b0e3e3745a84f742213d99578141813895', '新增学员：李四（852a41b26af1b69b88229658723cbee5f483e5fe）', '2019-11-11 14:31:12');
INSERT INTO `log` VALUES ('db233deae8700278a31151fd97164dfb2d745279', '2', 'ac4cd7b0e3e3745a84f742213d99578141813895', '删除学员：张三（79fbb63f9f4fe61139ec0f7c1a7c65f3461c5a5b）', '2019-11-11 13:45:54');
INSERT INTO `log` VALUES ('dbf5e710aa1f8742b9ae0d6cfc6c19ba9491f106', '1', 'a5eebbe59fcfd13248d22a3fde41f9ff14942f8a', '登录系统', '2019-11-14 15:41:36');
INSERT INTO `log` VALUES ('dec70dcf85b18e6dbda945cfacc9a5a55575ab83', '2', 'ac4cd7b0e3e3745a84f742213d99578141813895', '删除课题组（1c99e2f8933014fdc978dc493b220f2ebdf03cad）考试0场', '2019-11-12 17:25:46');
INSERT INTO `log` VALUES ('df7e91126118114c5cdff12da102a52d40ceb0a5', '2', 'ac4cd7b0e3e3745a84f742213d99578141813895', '新增学员：李四（4f9251e9d8be5e9fb1814ebb6c19ed270c5eb93e）', '2019-11-11 13:56:47');
INSERT INTO `log` VALUES ('e10e9ffdb6a171927d55f315a0700d2d0303f8a7', '2', 'ac4cd7b0e3e3745a84f742213d99578141813895', '新增学员：李四（c33788359a474f7e753e9dc94d0605da7033fe0b）', '2019-11-11 13:48:55');
INSERT INTO `log` VALUES ('e586393eaa71514f115d41588652199dc45968ef', '2', 'a5eebbe59fcfd13248d22a3fde41f9ff14942f8a', '删除学员：测试（7697cb34e14fc19e21e94042e0bdb5acb5b401b1）', '2019-11-13 15:50:20');
INSERT INTO `log` VALUES ('e83a0ed0d4ed914b66bd2120ce759e35d8cc4cb5', '2', 'ac4cd7b0e3e3745a84f742213d99578141813895', '修改学员：测试2（c8a078ba5222e26cd369a0f59b13a849b0dc0f7c）', '2019-11-08 14:33:55');
INSERT INTO `log` VALUES ('ea1c6a5e32ed2bf9bfd1efa00eb01bfa420e67fb', '2', 'ac4cd7b0e3e3745a84f742213d99578141813895', '删除课题组：（）', '2019-11-12 17:22:34');
INSERT INTO `log` VALUES ('eb32c455d748d8c489141b2f53db5b8c35f97034', '1', 'ac4cd7b0e3e3745a84f742213d99578141813895', '登录系统', '2019-11-12 17:22:25');
INSERT INTO `log` VALUES ('ee0d867d2a1d246ef2092ea9302e9a5ce50d145a', '1', 'ac4cd7b0e3e3745a84f742213d99578141813895', '登录系统', '2019-11-07 16:06:26');
INSERT INTO `log` VALUES ('ee6d48b0d1bd242397e41ddf5fa126e517181fb9', '2', 'ac4cd7b0e3e3745a84f742213d99578141813895', '删除学员：张三（bacdcd74d9ab56896a198018892a62cd3c880b3e）', '2019-11-11 13:56:12');
INSERT INTO `log` VALUES ('eeac49c1e066f4532d383ead1c6e0e49ab72db88', '2', 'ac4cd7b0e3e3745a84f742213d99578141813895', '修改学员：测试3（473707e9bf90c6c0bb1c0608fd6a2619ded61ddd）', '2019-11-08 15:18:35');
INSERT INTO `log` VALUES ('f02bd1b88c351cafe66cca4bf8c673fb604dc8f4', '1', 'ac4cd7b0e3e3745a84f742213d99578141813895', '登录系统', '2019-11-11 14:15:27');
INSERT INTO `log` VALUES ('f1f343fcba36d516a3691343cd071b00495f29bd', '2', 'ac4cd7b0e3e3745a84f742213d99578141813895', '删除学员：张三（5c9dbedecc6f20eeb88be98820d921c3707c79da）', '2019-11-11 14:30:20');
INSERT INTO `log` VALUES ('f76608a658ff482595cdec7aadd86bb3dd0805bf', '2', 'ac4cd7b0e3e3745a84f742213d99578141813895', '删除学员：李四（c33788359a474f7e753e9dc94d0605da7033fe0b）', '2019-11-11 13:56:23');
INSERT INTO `log` VALUES ('f79039434b78af0298d7c77a4761542d7af4b498', '1', 'ac4cd7b0e3e3745a84f742213d99578141813895', '登录系统', '2019-11-08 17:15:09');
INSERT INTO `log` VALUES ('f859de53e77fe5913fa607020d59a2afcc5568ab', '2', 'ac4cd7b0e3e3745a84f742213d99578141813895', '删除用户（e6d468dfacf8b29d29396752bcd6fd8ceff71865）试卷0份、答案0行', '2019-11-12 17:25:46');
INSERT INTO `log` VALUES ('f91557428e9042cdaaf4008f2696d05cb687cb05', '2', 'ac4cd7b0e3e3745a84f742213d99578141813895', '删除学员：张三（61e856a967db5bf2af48b3b1fbf728c80149edc9）', '2019-11-11 13:56:17');
INSERT INTO `log` VALUES ('f9ef3b2a4cf0a9abd87ba54364388546e7df6327', '2', 'ac4cd7b0e3e3745a84f742213d99578141813895', '删除学员：张三（824ec5f37603acf4b3efeffda323d9629779e702）', '2019-11-11 13:57:13');
INSERT INTO `log` VALUES ('faeda205d86944e75ae1464ef23ab8fca421d1c6', '2', 'ac4cd7b0e3e3745a84f742213d99578141813895', '新增考试管理员：考试管理员（e6d468dfacf8b29d29396752bcd6fd8ceff71865）', '2019-11-12 17:24:05');
INSERT INTO `log` VALUES ('fef6ee8b40f6ffa4c345298d410d1c6f40980e3d', '2', 'ac4cd7b0e3e3745a84f742213d99578141813895', '新增考试管理员：考试管理员（a5eebbe59fcfd13248d22a3fde41f9ff14942f8a）', '2019-11-12 17:26:00');
INSERT INTO `log` VALUES ('ffad9213d44c3f829d790ba523542c39646cd6b9', '2', 'ac4cd7b0e3e3745a84f742213d99578141813895', '新增学员：李四（ad0cbf8abceafbc42fae21816eaf51dd1f0c3eec）', '2019-11-11 14:30:35');

-- ----------------------------
-- Table structure for paper
-- ----------------------------
DROP TABLE IF EXISTS `paper`;
CREATE TABLE `paper` (
  `PAPER_ID` varchar(255) NOT NULL,
  `EXAM_ID` varchar(255) DEFAULT NULL,
  `USER_ID` varchar(255) DEFAULT NULL,
  `PAPER_SCORE` decimal(10,0) DEFAULT NULL,
  `PAPER_BEGIN` datetime DEFAULT NULL,
  PRIMARY KEY (`PAPER_ID`)
) ENGINE=InnoDB DEFAULT CHARSET=utf8;

-- ----------------------------
-- Records of paper
-- ----------------------------

-- ----------------------------
-- Table structure for paper_question
-- ----------------------------
DROP TABLE IF EXISTS `paper_question`;
CREATE TABLE `paper_question` (
  `ID` varchar(255) NOT NULL,
  `PAPER_ID` varchar(255) DEFAULT NULL,
  `QUESTION_ID` varchar(255) DEFAULT NULL,
  `ANSWER` varchar(255) DEFAULT NULL,
  `QUESTION_ORDER` int(11) DEFAULT NULL,
  PRIMARY KEY (`ID`)
) ENGINE=InnoDB DEFAULT CHARSET=utf8;

-- ----------------------------
-- Records of paper_question
-- ----------------------------

-- ----------------------------
-- Table structure for permission
-- ----------------------------
DROP TABLE IF EXISTS `permission`;
CREATE TABLE `permission` (
  `PERM_ID` int(3) NOT NULL AUTO_INCREMENT COMMENT '权限ID',
  `PERM_NAME` varchar(255) CHARACTER SET utf8 NOT NULL COMMENT '权限名',
  `PERM_SIGN` varchar(255) CHARACTER SET utf8 NOT NULL COMMENT '权限标识',
  `PERM_DESC` varchar(255) CHARACTER SET utf8 DEFAULT NULL COMMENT '权限权限描述',
  PRIMARY KEY (`PERM_ID`),
  UNIQUE KEY `pk_permission` (`PERM_ID`) USING BTREE
) ENGINE=InnoDB AUTO_INCREMENT=43 DEFAULT CHARSET=gb2312;

-- ----------------------------
-- Records of permission
-- ----------------------------
INSERT INTO `permission` VALUES ('1', '新开课题', 'create_group', '开启新的竞赛考试分组');
INSERT INTO `permission` VALUES ('2', '监考员管理', 'admin_teacher', '竞赛考试分组管理员');
INSERT INTO `permission` VALUES ('3', '日志管理', 'admin_log', '日志查阅');
INSERT INTO `permission` VALUES ('4', '题目设置', 'create_question', '导入题库');
INSERT INTO `permission` VALUES ('5', '学员管理', 'admin_student', '导入学员');
INSERT INTO `permission` VALUES ('6', '分数统计', 'analysis_exam', '统计分数生成报表');
INSERT INTO `permission` VALUES ('7', '答题', 'exam', '学员答题');
INSERT INTO `permission` VALUES ('42', '考试设置', 'admin_eaxm', '设置考试参数');

-- ----------------------------
-- Table structure for question
-- ----------------------------
DROP TABLE IF EXISTS `question`;
CREATE TABLE `question` (
  `QUESTION_ID` varchar(255) NOT NULL,
  `GROUP_ID` varchar(255) DEFAULT NULL,
  `QUESTION_TYPE` int(3) DEFAULT NULL,
  `QUESTION_CONTENT` varchar(255) DEFAULT NULL,
  PRIMARY KEY (`QUESTION_ID`)
) ENGINE=InnoDB DEFAULT CHARSET=utf8;

-- ----------------------------
-- Records of question
-- ----------------------------

-- ----------------------------
-- Table structure for role
-- ----------------------------
DROP TABLE IF EXISTS `role`;
CREATE TABLE `role` (
  `ROLE_ID` int(3) NOT NULL AUTO_INCREMENT COMMENT '角色ID',
  `ROLE_NAME` varchar(255) NOT NULL COMMENT '角色名',
  `ROLE_SIGN` varchar(255) NOT NULL COMMENT '角色标识',
  `ROLE_DESC` varchar(255) DEFAULT NULL COMMENT '角色描述',
  PRIMARY KEY (`ROLE_ID`)
) ENGINE=InnoDB AUTO_INCREMENT=4 DEFAULT CHARSET=utf8;

-- ----------------------------
-- Records of role
-- ----------------------------
INSERT INTO `role` VALUES ('1', '系统管理员', 'admin', '系统管理员');
INSERT INTO `role` VALUES ('2', '考试管理员', 'teacher', '考试管理员');
INSERT INTO `role` VALUES ('3', '学员', 'student', '学员');

-- ----------------------------
-- Table structure for role_permission
-- ----------------------------
DROP TABLE IF EXISTS `role_permission`;
CREATE TABLE `role_permission` (
  `ID` int(11) NOT NULL AUTO_INCREMENT,
  `ROLE_ID` int(3) NOT NULL,
  `PERM_ID` int(3) NOT NULL,
  PRIMARY KEY (`ID`)
) ENGINE=InnoDB AUTO_INCREMENT=110 DEFAULT CHARSET=utf8;

-- ----------------------------
-- Records of role_permission
-- ----------------------------
INSERT INTO `role_permission` VALUES ('1', '1', '1');
INSERT INTO `role_permission` VALUES ('2', '1', '2');
INSERT INTO `role_permission` VALUES ('101', '1', '3');
INSERT INTO `role_permission` VALUES ('102', '2', '4');
INSERT INTO `role_permission` VALUES ('103', '2', '5');
INSERT INTO `role_permission` VALUES ('104', '2', '6');
INSERT INTO `role_permission` VALUES ('105', '3', '7');
INSERT INTO `role_permission` VALUES ('106', '1', '4');
INSERT INTO `role_permission` VALUES ('107', '1', '5');
INSERT INTO `role_permission` VALUES ('108', '1', '6');
INSERT INTO `role_permission` VALUES ('109', '2', '42');

-- ----------------------------
-- Table structure for user
-- ----------------------------
DROP TABLE IF EXISTS `user`;
CREATE TABLE `user` (
  `USER_ID` varchar(255) CHARACTER SET utf8 NOT NULL COMMENT '用户ID',
  `USER_NAME` varchar(255) CHARACTER SET utf8 NOT NULL COMMENT '用户名',
  `USER_PSW` varchar(255) CHARACTER SET utf8 NOT NULL COMMENT '用户密码',
  `USER_ROLE_ID` int(3) NOT NULL,
  `USER_DESC` varchar(255) DEFAULT NULL,
  `USER_GROUP` varchar(255) NOT NULL,
  PRIMARY KEY (`USER_ID`)
) ENGINE=InnoDB DEFAULT CHARSET=gb2312;

-- ----------------------------
-- Records of user
-- ----------------------------
INSERT INTO `user` VALUES ('88f9228c820cbee98b9004b5dc783981adec2d18', '李四', '440104195507081942', '3', '', 'a0198d8d9c58bcbb527d59c037067b3f52283112');
INSERT INTO `user` VALUES ('a5eebbe59fcfd13248d22a3fde41f9ff14942f8a', '考试管理员', '1234567890', '2', '测试课题组', 'a0198d8d9c58bcbb527d59c037067b3f52283112');
INSERT INTO `user` VALUES ('ac4cd7b0e3e3745a84f742213d99578141813895', 'admin', '1234567890', '1', '系统管理员', '0');
INSERT INTO `user` VALUES ('baa1f7d15cf4abd70a9cde03c5aec8c07e0c84e6', '张三', '440104199209210417', '3', '信息处', 'a0198d8d9c58bcbb527d59c037067b3f52283112');
